[{
  "_id": {
    "$oid": "66c10500e21af47cb0f7bc32"
  },
  "name": "Ramy Hesham",
  "description1": "My name is Ramy. I am 26 years old and I’m from Cairo, Egypt. I graduated from the Faculty of Computer and\nArtificial Intelligence at Helwan University in 2020. Currently",
  "description2": "I work as a software developer with a primary\nfocus on backend development using Node.js. I have a strong background in developing scalable web\napplications and have worked on various projects that improved the efficiency of our internal processes",
  "updatedAt": {
    "$date": "2024-08-27T13:43:14.486Z"
  },
  "links": [
    "ramyhesham959@gmail.com",
    "https://github.com/RamyHesham16",
    "https://www.linkedin.com/in/ramy-hesham-97a798204/",
    "link4"
  ]
}]