[{
  "_id": {
    "$oid": "66c19b4f2c560f296efcab5e"
  },
  "img": "http://localhost:3000/uploads/TOEIC_logo.webp",
  "title": "TOEIC",
  "description": "The Test of English for International Communication (TOEIC) is an international standardized test of English language proficiency for non-native speakers. It is intentionally designed to measure the everyday English skills of people working in an international environment. I scored 920/990.",
  "link": "https://www.ets.org/toeic.html"
},
{
  "_id": {
    "$oid": "66c19c212c560f296efcab60"
  },
  "img": "http://localhost:3000/uploads/enterprise-design-thinking-practitioner.webp",
  "title": "Enterprise Design Thinking Practitioner",
  "description": "I have acquired knowledge about the application of Enterprise Design Thinking and its value. As a practitioner, I find opportunities to experiment with it in my daily work.",
  "link": "https://www.credly.com/badges/d010ca65-4507-46f2-84fe-df64a517f62c/print"
},
{
  "_id": {
    "$oid": "66c19c702c560f296efcab61"
  },
  "img": "http://localhost:3000/uploads/nuit_info_2022.webp",
  "title": "Nuit de l'Info 2022",
  "description": "La Nuit de l'Info is a national competition that brings together students, teachers and companies to work together on the development of a web application.",
  "link": "https://www.nuitdelinfo.com/"
},
{
  "_id": {
    "$oid": "66c19a732c560f296efcab5d"
  },
  "img": "http://localhost:3000/uploads/aws-academy.webp",
  "title": "AWS Academy Cloud Foundations",
  "description": "The AWS Academy Cloud Foundations is intended for students who seek an overall understanding of cloud computing concepts, independent of specific technical roles. It provides a detailed overview of cloud concepts, AWS core services, security, architecture, pricing, and support.",
  "link": "https://www.credly.com/badges/93ab2c88-6249-4baa-8ad3-5ea3b3fbc705"
}]