[{
  "_id": {
    "$oid": "66c10c96e21af47cb0f7bc36"
  },
  "category": "programing languages",
  "img": "http://localhost:3000/uploads/python-logo.webp",
  "name": "Python",
  "imgUrl": "https://www.python.org/"
},
{
  "_id": {
    "$oid": "66c1a1752c560f296efcab6e"
  },
  "category": "Web Programming and technologies ",
  "img": "http://localhost:3000/uploads/spring-boot-logo.webp",
  "name": "Spring",
  "imgUrl": "https://spring.io/projects/spring-boot"
},
{
  "_id": {
    "$oid": "66c1a1b52c560f296efcab6f"
  },
  "category": "Web Programming and technologies ",
  "img": "http://localhost:3000/uploads/laravel-logo.webp",
  "name": "Laravel",
  "imgUrl": "https://laravel.com/"
},
{
  "_id": {
    "$oid": "66c1a1fa2c560f296efcab70"
  },
  "category": "Web Programming and technologies ",
  "img": "http://localhost:3000/uploads/quarkus-logo.webp",
  "name": "Quarkus",
  "imgUrl": "https://quarkus.io/"
},
{
  "_id": {
    "$oid": "66c1a2292c560f296efcab71"
  },
  "category": "Web Programming and technologies ",
  "img": "http://localhost:3000/uploads/angular-logo.webp",
  "name": "Angular",
  "imgUrl": "https://angular.dev/"
},
{
  "_id": {
    "$oid": "66c1a2622c560f296efcab72"
  },
  "category": "Web Programming and technologies ",
  "img": "http://localhost:3000/uploads/react-logo.webp",
  "name": "React",
  "imgUrl": "https://react.dev/"
},
{
  "_id": {
    "$oid": "66c1a3392c560f296efcab73"
  },
  "category": "Databases",
  "img": "http://localhost:3000/uploads/mongo-db-logo-light.webp",
  "name": "Mongo",
  "imgUrl": "https://www.mongodb.com/docs/search/?q=alter+schema"
},
{
  "_id": {
    "$oid": "66c1a3702c560f296efcab74"
  },
  "category": "Databases",
  "img": "http://localhost:3000/uploads/postgresql-logo.webp",
  "name": "PostgreSQL",
  "imgUrl": "https://www.postgresql.org/"
},
{
  "_id": {
    "$oid": "66c1a3a42c560f296efcab75"
  },
  "category": "Databases",
  "img": "http://localhost:3000/uploads/mariadb-logo.webp",
  "name": "mariadb",
  "imgUrl": "https://mariadb.org/"
},
{
  "_id": {
    "$oid": "66c1a4952c560f296efcab76"
  },
  "category": "Softwares and tools",
  "img": "http://localhost:3000/uploads/git-logo.webp",
  "name": "git",
  "imgUrl": "https://git-scm.com/"
},
{
  "_id": {
    "$oid": "66c1a4d12c560f296efcab77"
  },
  "category": "Softwares and tools",
  "img": "http://localhost:3000/uploads/jetbrains-logo.webp",
  "name": "jetbrains",
  "imgUrl": "https://www.jetbrains.com/"
},
{
  "_id": {
    "$oid": "66c1a4ff2c560f296efcab78"
  },
  "category": "Softwares and tools",
  "img": "http://localhost:3000/uploads/figma-logo.webp",
  "name": "figma",
  "imgUrl": "https://www.figma.com/"
},
{
  "_id": {
    "$oid": "66c1a52a2c560f296efcab79"
  },
  "category": "Softwares and tools",
  "img": "http://localhost:3000/uploads/gimp-logo.webp",
  "name": "gimp",
  "imgUrl": "https://www.gimp.org/"
},
{
  "_id": {
    "$oid": "66c1a5712c560f296efcab7a"
  },
  "category": "Services",
  "img": "http://localhost:3000/uploads/aws-logo.webp",
  "name": "AWS",
  "imgUrl": "https://aws.amazon.com/"
},
{
  "_id": {
    "$oid": "66c1a5a12c560f296efcab7b"
  },
  "category": "Services",
  "img": "http://localhost:3000/uploads/firebase-logo.webp",
  "name": "Firebase",
  "imgUrl": "https://firebase.google.com/"
},
{
  "_id": {
    "$oid": "66c1a5e62c560f296efcab7c"
  },
  "category": "Services",
  "img": "http://localhost:3000/uploads/docker-logo.webp",
  "name": "Docker",
  "imgUrl": "https://www.docker.com/"
},
{
  "_id": {
    "$oid": "66c1a6352c560f296efcab7d"
  },
  "category": "Services",
  "img": "http://localhost:3000/uploads/kafka-logo.webp",
  "name": "Apache Kafka ",
  "imgUrl": "https://kafka.apache.org/"
},
{
  "_id": {
    "$oid": "66c1a7482c560f296efcab7f"
  },
  "category": "Soft Skills",
  "img": "http://localhost:3000/uploads/communication.svg",
  "name": "Communication",
  "imgUel": ""
},
{
  "_id": {
    "$oid": "66c1a8292c560f296efcab86"
  },
  "category": "Soft Skills",
  "img": "http://localhost:3000/uploads/english.svg",
  "name": "English ",
  "imgUrl": ""
},
{
  "_id": {
    "$oid": "66c1a9622c560f296efcab89"
  },
  "category": "Soft Skills",
  "img": "http://localhost:3000/uploads/scrum.svg",
  "name": "Scrum ",
  "imgUrl": ""
},
{
  "_id": {
    "$oid": "66c1a9802c560f296efcab8a"
  },
  "category": "Soft Skills",
  "img": "http://localhost:3000/uploads/adaptability.svg",
  "name": "Adaptability ",
  "imgUrl": ""
},
{
  "_id": {
    "$oid": "66c10bd4e21af47cb0f7bc34"
  },
  "category": "programing languages",
  "img": "http://localhost:3000/uploads/java-logo.webp",
  "name": "Java",
  "imgUrl": "https://www.java.com/en/"
},
{
  "_id": {
    "$oid": "66c5321b3cf685e20aa45dec"
  },
  "category": "programing languages",
  "img": "http://localhost:3000/uploads/php-logo.webp",
  "name": "php",
  "imgUrl": "https://www.php.net/"
}]